final_cluster,recurring_attack_types,total_recurring_attacks,recurring_pattern_count,max_months_present,src_port,dst_port,bytes_sent,bytes_received,bytes_ratio,internal_code,url_length,has_sensitive_keyword,is_browser,hour,day_of_week,avg_url_length,sensitive_url_rate,browser_rate,records_with_query_params
2,"brute-force, c2, command-injection, credential-stuffing, ddos, exploit-attempt, port-scan, sql-injection, xss",109,9,3,27342.69453734671,1076.1557971014493,69296.57552954293,148122.97547380155,0.8708151352201764,0.0,22.996098104793756,0.0,1.0,11.307971014492754,2.9949832775919734,22.996098104793756,0.0,1.0,0.5512820512820513
3,"brute-force, command-injection, credential-stuffing, exploit-attempt, port-scan, sql-injection, xss",72,7,3,26311.401678657076,1035.478417266187,75942.26978417266,156847.15227817747,0.7961770458622367,0.0,23.414868105515588,0.0,0.0,11.264988009592326,2.961630695443645,23.414868105515588,0.0,0.0,0.5587529976019184
0,"brute-force, exploit-attempt, port-scan, sql-injection, xss",42,5,3,27691.167897918065,980.6151779717932,73683.46272666218,157518.45869711216,0.8079714573777539,0.0,44.43451981195433,1.0,1.0,11.399597044996643,3.0107454667562124,44.43451981195433,1.0,1.0,1.0
9,"brute-force, command-injection, sql-injection, xss",24,4,3,26467.822580645163,983.8333333333334,82760.09946236559,170676.66129032258,0.7956191186565689,0.0,44.67741935483871,1.0,0.0,11.28494623655914,3.0806451612903225,44.67741935483871,1.0,0.0,1.0
5,"brute-force, credential-stuffing, port-scan",17,3,3,27084.515151515152,942.7078787878788,71625.30545454545,177036.12,0.76307150190919,0.0,21.575757575757574,0.0,1.0,12.02909090909091,3.004848484848485,21.575757575757574,0.0,1.0,0.52
4,"brute-force, port-scan",10,2,3,26685.29447852761,979.0199386503067,68017.03987730062,144536.495398773,0.7742898695835794,1.0,22.51840490797546,0.0,1.0,11.26840490797546,3.053680981595092,22.51840490797546,0.0,1.0,0.5352760736196319
15,"sql-injection, xss",10,2,3,22337.12598425197,919.7559055118111,70445.43307086614,151822.9527559055,0.7028956812304207,1.0,24.677165354330707,0.0,0.0,11.527559055118111,3.4645669291338583,24.677165354330707,0.0,0.0,0.5905511811023622
10,"brute-force, port-scan",7,2,3,27491.507082152973,814.0793201133145,60995.181303116144,120053.00849858357,0.8033454116959854,0.0,44.87252124645892,1.0,1.0,11.130311614730878,3.002832861189802,44.87252124645892,1.0,1.0,1.0
1,"port-scan, sql-injection",6,2,3,25906.545454545456,1039.7186147186146,92376.19913419914,217327.30303030304,0.6552602722460611,0.0,21.558441558441558,0.0,0.0,11.45021645021645,2.948051948051948,21.558441558441558,0.0,0.0,0.5238095238095238
7,brute-force,3,1,2,20351.75,526.05,40249.8,92585.45,0.6732534096905791,1.0,44.0,1.0,1.0,8.875,2.275,44.0,1.0,1.0,1.0
