final_cluster,pattern_name,recurring_attack_types,total_recurring_attacks,recurring_pattern_count,max_months_present,indicators,attack_records,avg_bytes_sent,avg_bytes_received,avg_bytes_ratio,internal_traffic_rate,sensitive_url_rate,browser_rate,query_parameter_rate
2,Recurring Multi-Type External Browser Threat,"brute-force, c2, command-injection, credential-stuffing, ddos, exploit-attempt, port-scan, sql-injection, xss",109,9,3,"Browser-based traffic, External traffic",109,44605.43119266055,93879.95412844037,0.8033898552501615,0.0,0.0,1.0,0.4954128440366973
3,Recurring High-Volume External Threat,"brute-force, command-injection, credential-stuffing, exploit-attempt, port-scan, sql-injection, xss",72,7,3,"External traffic, Higher received traffic, Higher sent traffic",72,64419.47222222222,133293.20833333334,0.7608976978710208,0.0,0.0,0.0,0.5694444444444444
0,External Web Request Attack Pattern,"brute-force, exploit-attempt, port-scan, sql-injection, xss",42,5,3,"High sensitive-URL activity, High query-parameter activity, Browser-based traffic, External traffic, Higher sent traffic",49,74976.36734693877,115340.4693877551,0.8694865750022777,0.0,1.0,1.0,1.0
9,External Non-Browser Web Attack Pattern,"brute-force, command-injection, sql-injection, xss",24,4,3,"High sensitive-URL activity, High query-parameter activity, External traffic, Higher received traffic, Higher sent traffic",26,70073.07692307692,150503.34615384616,0.7053258482095082,0.0,1.0,0.0,1.0
5,Recurring High-Volume Browser Threat,"brute-force, credential-stuffing, port-scan",17,3,3,"Browser-based traffic, External traffic, Higher received traffic, Higher sent traffic",22,109113.5,276202.7272727273,0.605393762194656,0.0,0.0,1.0,0.6818181818181818
4,Internal Browser Threat Pattern,"brute-force, port-scan",10,2,3,"Browser-based traffic, Internal traffic, Higher received traffic",17,45973.529411764706,125575.11764705883,0.7430569164638186,1.0,0.0,1.0,0.47058823529411764
15,Internal High-Volume Threat Pattern,"sql-injection, xss",10,2,3,"Internal traffic, Higher received traffic, Higher sent traffic",12,56752.083333333336,116223.25,1.1032964659743283,1.0,0.0,0.0,0.6666666666666666
10,External Browser Web Threat Pattern,"brute-force, port-scan",7,2,3,"High sensitive-URL activity, High query-parameter activity, Browser-based traffic, External traffic",10,14538.1,41914.6,0.576771111760884,0.0,1.0,1.0,1.0
1,Recurring External Network Threat,"port-scan, sql-injection",6,2,3,External traffic,11,23727.454545454544,46772.09090909091,0.9039255711671784,0.0,0.0,0.0,0.36363636363636365
7,Internal Browser Web Attack Pattern,brute-force,3,1,2,"High sensitive-URL activity, High query-parameter activity, Browser-based traffic, Internal traffic",4,4674.25,14282.75,0.6236249510181344,1.0,1.0,1.0,1.0
