month,attack_type,attack_count,total_month_attacks,attack_share_pct
2025-10,brute-force,34,134,25.37
2025-10,port-scan,28,134,20.9
2025-10,sql-injection,24,134,17.91
2025-10,xss,12,134,8.96
2025-10,command-injection,11,134,8.21
2025-10,ddos,9,134,6.72
2025-10,credential-stuffing,8,134,5.97
2025-10,c2,5,134,3.73
2025-10,exploit-attempt,3,134,2.24
2025-11,brute-force,40,128,31.25
2025-11,port-scan,27,128,21.09
2025-11,sql-injection,15,128,11.72
2025-11,exploit-attempt,11,128,8.59
2025-11,credential-stuffing,9,128,7.03
2025-11,ddos,9,128,7.03
2025-11,xss,8,128,6.25
2025-11,command-injection,7,128,5.47
2025-11,c2,2,128,1.56
2025-12,brute-force,34,138,24.64
2025-12,port-scan,26,138,18.84
2025-12,sql-injection,25,138,18.12
2025-12,xss,14,138,10.14
2025-12,credential-stuffing,11,138,7.97
2025-12,ddos,9,138,6.52
2025-12,command-injection,8,138,5.8
2025-12,exploit-attempt,8,138,5.8
2025-12,c2,3,138,2.17
