benign,brute-force,c2,command-injection,credential-stuffing,ddos,exploit-attempt,port-scan,sql-injection,xss
269,1,1,0,0,7,0,2,5,1
482,5,1,0,2,0,0,0,2,0
69,1,0,1,0,0,0,1,2,1
1183,9,1,4,3,0,1,16,1,2
248,5,0,2,1,0,0,1,6,3
215,1,1,0,0,0,0,2,0,0
266,3,0,0,2,0,0,2,0,0
86,0,0,0,0,0,1,0,0,0
8,0,0,0,0,0,0,0,0,0
13,0,0,0,0,0,0,0,0,0
117,3,0,2,0,0,0,1,5,3
118,3,0,0,0,0,1,1,0,0
19,1,1,0,0,0,0,0,1,0
16,0,0,1,0,0,0,0,0,0
59,1,0,0,0,2,0,1,0,0
30,0,0,1,0,0,0,1,0,0
34,1,0,0,0,0,0,0,2,2
9,0,0,0,0,0,0,0,0,0
241,3,0,0,0,6,1,1,6,2
470,7,1,1,0,2,3,7,1,1
84,0,0,0,0,0,0,1,0,0
1185,15,1,1,6,1,4,10,1,0
257,8,0,2,1,0,1,2,4,4
222,1,0,0,0,0,0,1,0,0
288,1,0,1,2,0,0,4,0,0
72,0,0,0,0,0,1,0,0,0
16,2,0,0,0,0,0,0,0,0
22,1,0,0,0,0,0,0,0,0
115,0,0,2,0,0,1,0,1,0
110,1,0,0,0,0,0,1,0,1
24,0,0,0,0,0,0,0,0,0
12,0,0,0,0,0,0,0,0,0
48,1,0,0,0,0,0,0,0,0
24,0,0,0,0,0,0,0,0,0
47,0,0,0,0,0,0,0,2,0
13,0,0,0,0,0,0,0,0,0
223,2,0,0,0,5,0,1,2,0
488,6,0,0,0,0,1,6,1,2
67,1,0,0,0,0,0,1,1,1
1111,11,2,0,5,2,0,10,2,1
257,6,0,4,2,0,2,2,10,6
198,2,0,0,3,0,2,3,0,1
249,2,0,0,1,1,2,0,1,0
78,2,0,0,0,0,0,1,0,0
12,1,0,0,0,0,0,1,0,0
30,0,0,0,0,1,0,0,0,0
114,1,0,3,0,0,0,0,3,1
115,0,0,0,0,0,1,1,0,0
21,0,0,0,0,0,0,0,0,0
15,0,0,0,0,0,0,0,0,1
55,0,1,0,0,0,0,0,0,0
31,0,0,0,0,0,0,0,2,0
34,0,0,1,0,0,0,0,3,1
11,0,0,0,0,0,0,0,0,0
